id,y
5000,8
5001,8
5002,8
5003,8
5004,8
5005,8
5006,8
5007,3
5008,8
5009,3
5010,3
5011,8
5012,3
5013,8
5014,8
5015,3
5016,3
5017,8
5018,3
5019,3
5020,3
5021,8
5022,3
5023,3
5024,3
5025,3
5026,3
5027,8
5028,3
5029,3
5030,3
5031,3
5032,3
5033,3
5034,3
5035,8
5036,8
5037,8
5038,3
5039,8
5040,8
5041,8
5042,8
5043,8
5044,3
5045,8
5046,8
5047,3
5048,8
5049,8
5050,8
5051,3
5052,3
5053,8
5054,3
5055,8
5056,3
5057,3
5058,3
5059,3
5060,8
5061,8
5062,8
5063,8
5064,8
5065,8
5066,3
5067,8
5068,8
5069,8
5070,8
5071,3
5072,3
5073,8
5074,3
5075,8
5076,8
5077,8
5078,8
5079,3
5080,3
5081,3
5082,8
5083,8
5084,8
5085,8
5086,3
5087,8
5088,8
5089,8
5090,8
5091,3
5092,3
5093,3
5094,8
5095,8
5096,8
5097,8
5098,8
5099,8
5100,3
5101,8
5102,3
5103,8
5104,3
5105,3
5106,3
5107,3
5108,3
5109,3
5110,3
5111,8
5112,8
5113,8
5114,8
5115,3
5116,3
5117,3
5118,3
5119,8
5120,3
5121,3
5122,8
5123,8
5124,3
5125,8
5126,8
5127,3
5128,3
5129,8
5130,3
5131,8
5132,8
5133,3
5134,8
5135,8
5136,8
5137,3
5138,3
5139,3
5140,3
5141,3
5142,8
5143,8
5144,8
5145,8
5146,3
5147,8
5148,3
5149,8
5150,3
5151,3
5152,8
5153,3
5154,3
5155,3
5156,8
5157,3
5158,3
5159,3
5160,3
5161,3
5162,3
5163,3
5164,8
5165,3
5166,3
5167,3
5168,8
5169,8
5170,8
5171,8
5172,8
5173,8
5174,3
5175,8
5176,3
5177,3
5178,8
5179,3
5180,8
5181,8
5182,8
5183,3
5184,8
5185,8
5186,3
5187,3
5188,3
5189,8
5190,3
5191,8
5192,3
5193,3
5194,8
5195,8
5196,3
5197,3
5198,8
5199,3
5200,3
5201,3
5202,3
5203,8
5204,3
5205,3
5206,8
5207,3
5208,3
5209,8
5210,3
5211,8
5212,3
5213,8
5214,3
5215,3
5216,3
5217,3
5218,3
5219,3
5220,3
5221,3
5222,8
5223,3
5224,3
5225,3
5226,3
5227,3
5228,8
5229,3
5230,3
5231,3
5232,3
5233,8
5234,3
5235,3
5236,3
5237,3
5238,3
5239,3
5240,3
5241,8
5242,3
5243,8
5244,8
5245,8
5246,3
5247,3
5248,3
5249,8
5250,8
5251,8
5252,3
5253,8
5254,3
5255,3
5256,3
5257,3
5258,8
5259,8
5260,8
5261,8
5262,3
5263,3
5264,8
5265,8
5266,3
5267,3
5268,3
5269,3
5270,8
5271,8
5272,8
5273,3
5274,8
5275,8
5276,8
5277,8
5278,3
5279,3
5280,8
5281,8
5282,8
5283,3
5284,8
5285,3
5286,3
5287,3
5288,3
5289,8
5290,3
5291,8
5292,3
5293,8
5294,8
5295,8
5296,3
5297,8
5298,3
5299,8
5300,8
5301,3
5302,3
5303,8
5304,8
5305,3
5306,3
5307,3
5308,3
5309,8
5310,3
5311,8
5312,3
5313,8
5314,8
5315,8
5316,8
5317,3
5318,3
5319,8
5320,3
5321,3
5322,8
5323,8
5324,8
5325,8
5326,3
5327,3
5328,8
5329,3
5330,8
5331,8
5332,8
5333,8
5334,8
5335,3
5336,8
5337,8
5338,8
5339,8
5340,3
5341,3
5342,8
5343,3
5344,8
5345,3
5346,3
5347,3
5348,3
5349,3
5350,3
5351,8
5352,3
5353,8
5354,8
5355,8
5356,8
5357,3
5358,3
5359,3
5360,8
5361,8
5362,8
5363,8
5364,8
5365,3
5366,3
5367,8
5368,8
5369,3
5370,8
5371,3
5372,8
5373,3
5374,8
5375,8
5376,3
5377,3
5378,3
5379,8
5380,3
5381,3
5382,8
5383,3
5384,3
5385,3
5386,8
5387,3
5388,3
5389,3
5390,3
5391,8
5392,8
5393,8
5394,3
5395,8
5396,8
5397,3
5398,3
5399,8
5400,3
5401,3
5402,3
5403,3
5404,3
5405,8
5406,3
5407,3
5408,8
5409,8
5410,8
5411,3
5412,8
5413,3
5414,8
5415,3
5416,8
5417,3
5418,3
5419,3
5420,8
5421,3
5422,3
5423,3
5424,8
5425,8
5426,3
5427,8
5428,3
5429,8
5430,3
5431,8
5432,3
5433,3
5434,8
5435,3
5436,8
5437,8
5438,8
5439,8
5440,3
5441,8
5442,3
5443,8
5444,3
5445,8
5446,3
5447,8
5448,3
5449,8
5450,3
5451,8
5452,8
5453,8
5454,3
5455,8
5456,8
5457,8
5458,3
5459,8
5460,8
5461,3
5462,8
5463,3
5464,3
5465,3
5466,3
5467,8
5468,3
5469,8
5470,8
5471,8
5472,3
5473,3
5474,8
5475,8
5476,3
5477,3
5478,8
5479,8
5480,3
5481,3
5482,8
5483,8
5484,3
5485,8
5486,3
5487,3
5488,8
5489,8
5490,3
5491,8
5492,3
5493,3
5494,8
5495,8
5496,3
5497,8
5498,3
5499,8
5500,8
5501,8
5502,8
5503,8
5504,8
5505,8
5506,8
5507,8
5508,8
5509,3
5510,3
5511,8
5512,8
5513,3
5514,3
5515,3
5516,3
5517,3
5518,3
5519,3
5520,3
5521,3
5522,3
5523,3
5524,3
5525,3
5526,3
5527,3
5528,8
5529,3
5530,8
5531,3
5532,3
5533,8
5534,3
5535,3
5536,8
5537,3
5538,3
5539,3
5540,8
5541,8
5542,3
5543,8
5544,3
5545,3
5546,8
5547,8
5548,8
5549,8
5550,3
5551,3
5552,3
5553,3
5554,3
5555,8
5556,3
5557,3
5558,8
5559,3
5560,3
5561,3
5562,3
5563,8
5564,8
5565,3
5566,8
5567,3
5568,8
5569,3
5570,3
5571,3
5572,3
5573,8
5574,8
5575,3
5576,3
5577,3
5578,8
5579,3
5580,8
5581,8
5582,3
5583,8
5584,8
5585,8
5586,3
5587,3
5588,3
5589,8
5590,8
5591,3
5592,3
5593,3
5594,8
5595,8
5596,8
5597,8
5598,3
5599,3
5600,8
5601,3
5602,8
5603,3
5604,3
5605,3
5606,8
5607,8
5608,8
5609,8
5610,8
5611,8
5612,8
5613,3
5614,8
5615,3
5616,8
5617,3
5618,3
5619,8
5620,8
5621,8
5622,8
5623,8
5624,8
5625,3
5626,3
5627,8
5628,8
5629,8
5630,8
5631,3
5632,3
5633,8
5634,3
5635,3
5636,3
5637,3
5638,8
5639,8
5640,8
5641,3
5642,3
5643,8
5644,3
5645,3
5646,8
5647,3
5648,8
5649,3
5650,3
5651,8
5652,3
5653,8
5654,8
5655,8
5656,3
5657,3
5658,3
5659,8
5660,8
5661,3
5662,3
5663,3
5664,3
5665,3
5666,3
5667,3
5668,8
5669,8
5670,3
5671,3
5672,8
5673,8
5674,8
5675,3
5676,3
5677,3
5678,8
5679,3
5680,3
5681,3
5682,8
5683,3
5684,3
5685,8
5686,8
5687,3
5688,8
5689,3
5690,8
5691,3
5692,3
5693,8
5694,8
5695,3
5696,3
5697,3
5698,8
5699,3
5700,8
5701,8
5702,8
5703,3
5704,3
5705,8
5706,3
5707,3
5708,8
5709,3
5710,8
5711,3
5712,8
5713,3
5714,8
5715,3
5716,8
5717,8
5718,3
5719,8
5720,3
5721,8
5722,8
5723,8
5724,8
5725,3
5726,8
5727,8
5728,3
5729,3
5730,3
5731,3
5732,8
5733,8
5734,3
5735,3
5736,8
5737,8
5738,3
5739,3
5740,3
5741,8
5742,3
5743,3
5744,3
5745,8
5746,8
5747,3
5748,8
5749,3
5750,3
5751,3
5752,8
5753,3
5754,8
5755,3
5756,3
5757,8
5758,8
5759,8
5760,8
5761,8
5762,3
5763,3
5764,8
5765,3
5766,3
5767,8
5768,3
5769,3
5770,8
5771,3
5772,8
5773,3
5774,3
5775,8
5776,8
5777,3
5778,3
5779,8
5780,3
5781,3
5782,3
5783,3
5784,3
5785,3
5786,3
5787,8
5788,3
5789,8
5790,3
5791,8
5792,3
5793,8
5794,8
5795,8
5796,8
5797,8
5798,3
5799,8
5800,3
5801,3
5802,8
5803,8
5804,3
5805,8
5806,3
5807,3
5808,3
5809,8
5810,8
5811,8
5812,8
5813,3
5814,8
5815,3
5816,8
5817,8
5818,8
5819,8
5820,8
5821,8
5822,3
5823,8
5824,8
5825,8
5826,8
5827,3
5828,3
5829,3
5830,8
5831,3
5832,8
5833,8
5834,3
5835,3
5836,8
5837,8
5838,3
5839,8
5840,3
5841,3
5842,8
5843,8
5844,3
5845,8
5846,3
5847,8
5848,8
5849,3
5850,8
5851,3
5852,8
5853,8
5854,3
5855,8
5856,8
5857,8
5858,8
5859,8
5860,3
5861,3
5862,8
5863,8
5864,8
5865,3
5866,8
5867,8
5868,3
5869,8
5870,3
5871,3
5872,8
5873,3
5874,3
5875,3
5876,3
5877,8
5878,3
5879,8
5880,8
5881,3
5882,8
5883,8
5884,3
5885,3
5886,8
5887,8
5888,8
5889,3
5890,8
5891,8
5892,8
5893,8
5894,3
5895,3
5896,3
5897,8
5898,8
5899,3
5900,3
5901,3
5902,3
5903,3
5904,3
5905,3
5906,8
5907,8
5908,8
5909,8
5910,3
5911,3
5912,3
5913,3
5914,3
5915,3
5916,3
5917,8
5918,3
5919,8
5920,8
5921,3
5922,8
5923,8
5924,8
5925,3
5926,8
5927,8
5928,8
5929,3
5930,3
5931,3
5932,8
5933,3
5934,3
5935,3
5936,8
5937,8
5938,8
5939,3
5940,8
5941,3
5942,3
5943,8
5944,3
5945,3
5946,3
5947,3
5948,3
5949,3
5950,3
5951,8
5952,3
5953,3
5954,3
5955,8
5956,8
5957,8
5958,3
5959,3
5960,3
5961,8
5962,8
5963,3
5964,3
5965,3
5966,3
5967,3
5968,3
5969,8
5970,8
5971,8
5972,3
5973,3
5974,8
5975,3
5976,8
5977,3
5978,8
5979,3
5980,3
5981,8
5982,3
5983,8
5984,8
5985,3
5986,8
5987,3
5988,3
5989,8
5990,3
5991,8
5992,3
5993,8
5994,8
5995,8
5996,8
5997,8
5998,3
5999,3
6000,8
6001,8
6002,3
6003,3
6004,3
6005,8
6006,3
6007,8
6008,8
6009,8
6010,8
6011,8
6012,8
6013,8
6014,8
6015,8
6016,8
6017,3
6018,3
6019,8
6020,8
6021,8
6022,3
6023,8
6024,8
6025,3
6026,8
6027,3
6028,3
6029,8
6030,8
6031,3
6032,8
6033,3
6034,3
6035,8
6036,3
6037,3
6038,3
6039,3
6040,8
6041,8
6042,8
6043,8
6044,3
6045,3
6046,8
6047,3
6048,8
6049,3
6050,8
6051,3
6052,8
6053,3
6054,8
6055,8
6056,3
6057,3
6058,3
6059,8
6060,3
6061,3
6062,8
6063,3
6064,3
6065,8
6066,8
6067,8
6068,8
6069,3
6070,8
6071,8
6072,8
6073,8
6074,3
6075,3
6076,3
6077,3
6078,3
6079,3
6080,3
6081,8
6082,3
6083,8
6084,3
6085,3
6086,3
6087,8
6088,8
6089,3
6090,3
6091,8
6092,3
6093,8
6094,8
6095,8
6096,8
6097,3
6098,8
6099,8
6100,3
6101,8
6102,3
6103,8
6104,8
6105,3
6106,8
6107,3
6108,3
6109,3
6110,8
6111,8
6112,8
6113,3
6114,8
6115,3
6116,8
6117,3
6118,3
6119,3
6120,3
6121,3
6122,8
6123,3
6124,3
6125,8
6126,8
6127,8
6128,3
6129,8
6130,8
6131,3
6132,3
6133,8
6134,8
6135,3
6136,8
6137,8
6138,8
6139,3
6140,3
6141,8
6142,8
6143,3
6144,3
6145,8
6146,3
6147,3
6148,8
6149,3
6150,3
6151,8
6152,8
6153,3
6154,8
6155,3
6156,3
6157,3
6158,3
6159,3
6160,8
6161,3
6162,8
6163,3
6164,3
6165,3
6166,3
6167,3
6168,8
6169,3
6170,3
6171,8
6172,3
6173,8
6174,8
6175,8
6176,8
6177,8
6178,3
6179,3
6180,3
6181,3
6182,8
6183,8
6184,8
6185,8
6186,3
6187,3
6188,3
6189,3
6190,8
6191,8
6192,8
6193,8
6194,8
6195,3
6196,8
6197,3
6198,8
6199,3
6200,8
6201,3
6202,8
6203,3
6204,3
6205,3
6206,8
6207,8
6208,3
6209,8
6210,8
6211,8
6212,8
6213,3
6214,3
6215,8
6216,8
6217,3
6218,8
6219,3
6220,3
6221,8
6222,8
6223,8
6224,3
6225,3
6226,8
6227,8
6228,8
6229,8
6230,8
6231,3
6232,3
6233,8
6234,3
6235,8
6236,3
6237,3
6238,8
6239,3
6240,3
6241,8
6242,3
6243,8
6244,8
6245,3
6246,8
6247,3
6248,8
6249,8
6250,3
6251,8
6252,3
6253,3
6254,8
6255,8
6256,8
6257,3
6258,3
6259,3
6260,8
6261,3
6262,3
6263,3
6264,3
6265,3
6266,3
6267,3
6268,3
6269,8
6270,8
6271,3
6272,3
6273,3
6274,8
6275,3
6276,3
6277,3
6278,8
6279,3
6280,8
6281,8
6282,8
6283,8
6284,3
6285,3
6286,8
6287,8
6288,8
6289,8
6290,3
6291,3
6292,3
6293,8
6294,8
6295,8
6296,8
6297,8
6298,3
6299,3
6300,3
6301,3
6302,3
6303,8
6304,3
6305,8
6306,3
6307,8
6308,8
6309,8
6310,8
6311,3
6312,8
6313,3
6314,8
6315,3
6316,3
6317,3
6318,3
6319,8
6320,3
6321,8
6322,8
6323,8
6324,8
6325,8
6326,8
6327,3
6328,8
6329,3
6330,3
6331,8
6332,3
6333,8
6334,3
6335,3
6336,8
6337,3
6338,3
6339,3
6340,8
6341,3
6342,8
6343,8
6344,3
6345,3
6346,8
6347,3
6348,8
6349,8
6350,8
6351,8
6352,3
6353,3
6354,3
6355,3
6356,8
6357,3
6358,8
6359,3
6360,8
6361,3
6362,8
6363,3
6364,8
6365,8
6366,8
6367,8
6368,8
6369,8
6370,3
6371,3
6372,8
6373,3
6374,8
6375,8
6376,3
6377,8
6378,3
6379,8
6380,8
6381,3
6382,3
6383,3
6384,3
6385,3
6386,3
6387,3
6388,8
6389,3
6390,3
6391,8
6392,3
6393,8
6394,3
6395,3
6396,3
6397,8
6398,3
6399,3
6400,3
6401,8
6402,3
6403,3
6404,8
6405,8
6406,3
6407,8
6408,3
6409,8
6410,3
6411,3
6412,3
6413,3
6414,3
6415,3
6416,3
6417,8
6418,8
6419,8
6420,3
6421,3
6422,3
6423,3
6424,8
6425,8
6426,8
6427,8
6428,3
6429,8
6430,3
6431,8
6432,3
6433,3
6434,8
6435,3
6436,3
6437,8
6438,3
6439,8
6440,3
6441,8
6442,3
6443,3
6444,8
6445,8
6446,3
6447,8
6448,3
6449,8
6450,3
6451,8
6452,3
6453,3
6454,8
6455,8
6456,3
6457,3
6458,3
6459,8
6460,8
6461,3
6462,8
6463,8
6464,3
6465,3
6466,3
6467,3
6468,8
6469,8
6470,3
6471,8
6472,3
6473,8
6474,3
6475,8
6476,3
6477,8
6478,3
6479,8
6480,8
6481,3
6482,8
6483,8
6484,3
6485,8
6486,3
6487,3
6488,8
6489,8
6490,8
6491,8
6492,8
6493,3
6494,8
6495,8
6496,8
6497,8
6498,8
6499,3
6500,3
6501,8
6502,8
6503,3
6504,3
6505,3
6506,3
6507,3
6508,8
6509,3
6510,3
6511,8
6512,8
6513,8
6514,8
6515,3
6516,3
6517,8
6518,3
6519,3
6520,3
6521,8
6522,8
6523,3
6524,3
6525,8
6526,8
6527,8
6528,8
6529,8
6530,3
6531,3
6532,3
6533,3
6534,8
6535,8
6536,8
6537,3
6538,8
6539,8
6540,8
6541,8
6542,8
6543,8
6544,8
6545,3
6546,3
6547,8
6548,3
6549,8
6550,3
6551,3
6552,8
6553,8
6554,8
6555,3
6556,3
6557,8
6558,8
6559,3
6560,3
6561,3
6562,8
6563,3
6564,3
6565,8
6566,3
6567,3
6568,3
6569,3
6570,3
6571,3
6572,3
6573,3
6574,3
6575,8
6576,8
6577,8
6578,8
6579,3
6580,8
6581,3
6582,3
6583,3
6584,8
6585,8
6586,8
6587,3
6588,8
6589,8
6590,8
6591,8
6592,3
6593,3
6594,3
6595,8
6596,3
6597,3
6598,8
6599,8
6600,3
6601,3
6602,8
6603,3
6604,8
6605,8
6606,3
6607,8
6608,3
6609,3
6610,8
6611,3
6612,8
6613,8
6614,8
6615,3
6616,3
6617,3
6618,3
6619,3
6620,8
6621,8
6622,8
6623,3
6624,3
6625,8
6626,8
6627,3
6628,8
6629,8
6630,3
6631,3
6632,3
6633,3
6634,8
6635,8
6636,3
6637,3
6638,3
6639,8
6640,8
6641,3
6642,8
6643,8
6644,8
6645,8
6646,3
6647,3
6648,3
6649,3
6650,3
6651,3
6652,8
6653,3
6654,3
6655,3
6656,8
6657,8
6658,8
6659,3
6660,8
6661,8
6662,8
6663,8
6664,3
6665,8
6666,8
6667,8
6668,8
6669,3
6670,3
6671,8
6672,8
6673,3
6674,3
6675,8
6676,8
6677,3
6678,3
6679,8
6680,8
6681,3
6682,3
6683,8
6684,3
6685,3
6686,3
6687,3
6688,3
6689,3
6690,8
6691,3
6692,8
6693,3
6694,3
6695,3
6696,3
6697,8
6698,8
6699,3
6700,8
6701,8
6702,8
6703,8
6704,8
6705,3
6706,8
6707,8
6708,8
6709,8
6710,8
6711,3
6712,8
6713,8
6714,3
6715,3
6716,3
6717,8
6718,8
6719,8
6720,8
6721,8
6722,3
6723,3
6724,8
6725,3
6726,8
6727,3
6728,3
6729,3
6730,3
6731,8
6732,8
6733,3
6734,3
6735,8
6736,8
6737,8
6738,3
6739,3
6740,3
6741,3
6742,3
6743,8
6744,8
6745,8
6746,3
6747,3
6748,3
6749,8
6750,3
6751,3
6752,3
6753,3
6754,3
6755,8
6756,3
6757,3
6758,3
6759,3
6760,3
6761,8
6762,8
6763,8
6764,8
6765,3
6766,3
6767,8
6768,8
6769,3
6770,3
6771,3
6772,3
6773,8
6774,3
6775,8
6776,3
6777,8
6778,3
6779,8
6780,8
6781,8
6782,3
6783,8
6784,3
6785,8
6786,3
6787,8
6788,3
6789,3
6790,8
6791,8
6792,3
6793,8
6794,8
6795,3
6796,8
6797,8
6798,8
6799,3
6800,3
6801,3
6802,8
6803,8
6804,8
6805,8
6806,3
6807,3
6808,3
6809,8
6810,3
6811,8
6812,8
6813,3
6814,8
6815,3
6816,3
6817,8
6818,3
6819,3
6820,8
6821,3
6822,8
6823,3
6824,3
6825,8
6826,8
6827,8
6828,8
6829,8
6830,3
6831,3
6832,3
6833,3
6834,3
6835,8
6836,3
6837,3
6838,3
6839,3
6840,3
6841,8
6842,8
6843,8
6844,3
6845,8
6846,3
6847,3
6848,8
6849,8
6850,3
6851,8
6852,3
6853,8
6854,3
6855,3
6856,8
6857,8
6858,3
6859,3
6860,3
6861,8
6862,3
6863,3
6864,8
6865,8
6866,8
6867,8
6868,3
6869,8
6870,3
6871,8
6872,3
6873,3
6874,3
6875,3
6876,3
6877,8
6878,3
6879,8
6880,3
6881,8
6882,3
6883,3
6884,3
6885,3
6886,3
6887,3
6888,3
6889,3
6890,3
6891,3
6892,8
6893,3
6894,3
6895,3
6896,3
6897,8
6898,8
6899,8
6900,8
6901,3
6902,3
6903,8
6904,3
6905,8
6906,8
6907,3
6908,8
6909,3
6910,8
6911,3
6912,3
6913,8
6914,3
6915,3
6916,8
6917,8
6918,8
6919,3
6920,3
6921,8
6922,3
6923,8
6924,8
6925,3
6926,8
6927,3
6928,3
6929,8
6930,3
6931,8
6932,3
6933,8
6934,3
6935,8
6936,8
6937,3
6938,8
6939,3
6940,3
6941,3
6942,8
6943,3
6944,8
6945,3
6946,8
6947,8
6948,8
6949,3
6950,8
6951,3
6952,8
6953,8
6954,3
6955,8
6956,8
6957,8
6958,8
6959,3
6960,8
6961,8
6962,3
6963,8
6964,8
6965,3
6966,3
6967,3
6968,3
6969,8
6970,8
6971,3
6972,8
6973,8
6974,3
6975,8
6976,8
6977,3
6978,8
6979,8
6980,8
6981,8
6982,3
6983,3
6984,3
6985,8
6986,3
6987,3
6988,8
6989,3
6990,3
6991,3
6992,8
6993,3
6994,3
6995,3
6996,8
6997,8
6998,3
6999,8
7000,3
7001,8
7002,8
7003,3
7004,3
7005,3
7006,8
7007,3
7008,8
7009,8
7010,8
7011,8
7012,3
7013,3
7014,8
7015,3
7016,3
7017,3
7018,8
7019,3
7020,3
7021,3
7022,8
7023,3
7024,3
7025,3
7026,3
7027,8
7028,3
7029,8
7030,3
7031,8
7032,8
7033,3
7034,8
7035,8
7036,3
7037,8
7038,3
7039,3
7040,8
7041,8
7042,3
7043,8
7044,8
7045,3
7046,3
7047,3
7048,8
7049,8
7050,3
7051,3
7052,3
7053,8
7054,3
7055,3
7056,8
7057,8
7058,3
7059,8
7060,3
7061,3
7062,3
7063,8
7064,8
7065,3
7066,8
7067,3
7068,8
7069,3
7070,3
7071,3
7072,8
7073,3
7074,3
7075,8
7076,8
7077,3
7078,8
7079,3
7080,3
7081,3
7082,3
7083,8
7084,3
7085,8
7086,3
7087,8
7088,8
7089,8
7090,3
7091,3
7092,3
7093,8
7094,3
7095,3
7096,8
7097,3
7098,3
7099,3
7100,3
7101,3
7102,3
7103,3
7104,3
7105,3
7106,3
7107,3
7108,3
7109,3
7110,8
7111,8
7112,3
7113,3
7114,3
7115,3
7116,8
7117,3
7118,3
7119,3
7120,8
7121,3
7122,3
7123,3
7124,3
7125,8
7126,3
7127,8
7128,8
7129,3
7130,3
7131,3
7132,3
7133,3
7134,3
7135,8
7136,3
7137,8
7138,3
7139,8
7140,3
7141,8
7142,3
7143,8
7144,8
7145,8
7146,8
7147,3
7148,3
7149,8
7150,8
7151,3
7152,8
7153,3
7154,8
7155,8
7156,8
7157,3
7158,3
7159,8
7160,8
7161,3
7162,3
7163,8
7164,3
7165,3
7166,3
7167,3
7168,8
7169,8
7170,8
7171,8
7172,8
7173,8
7174,3
7175,8
7176,3
7177,8
7178,8
7179,8
7180,8
7181,8
7182,3
7183,8
7184,8
7185,8
7186,3
7187,8
7188,3
7189,8
7190,8
7191,8
7192,8
7193,8
7194,8
7195,8
7196,8
7197,8
7198,8
7199,8
7200,3
7201,3
7202,3
7203,3
7204,3
7205,3
7206,3
7207,8
7208,3
7209,3
7210,8
7211,8
7212,3
7213,8
7214,8
7215,8
7216,3
7217,3
7218,3
7219,3
7220,8
7221,8
7222,8
7223,8
7224,8
7225,8
7226,3
7227,8
7228,8
7229,3
7230,3
7231,3
7232,8
7233,8
7234,8
7235,8
7236,8
7237,8
7238,3
7239,3
7240,3
7241,8
7242,8
7243,3
7244,3
7245,8
7246,8
7247,8
7248,8
7249,8
7250,8
7251,8
7252,3
7253,3
7254,8
7255,3
7256,8
7257,3
7258,3
7259,8
7260,3
7261,8
7262,3
7263,3
7264,8
7265,3
7266,8
7267,8
7268,3
7269,3
7270,3
7271,8
7272,3
7273,3
7274,8
7275,8
7276,3
7277,3
7278,8
7279,3
7280,3
7281,3
7282,8
7283,3
7284,8
7285,3
7286,3
7287,8
7288,8
7289,3
7290,3
7291,8
7292,3
7293,3
7294,8
7295,8
7296,8
7297,8
7298,8
7299,3
7300,3
7301,8
7302,3
7303,3
7304,8
7305,3
7306,8
7307,3
7308,8
7309,3
7310,3
7311,8
7312,8
7313,3
7314,3
7315,8
7316,3
7317,3
7318,3
7319,3
7320,3
7321,3
7322,3
7323,8
7324,8
7325,8
7326,3
7327,3
7328,8
7329,3
7330,3
7331,8
7332,3
7333,8
7334,8
7335,3
7336,3
7337,8
7338,3
7339,8
7340,3
7341,3
7342,8
7343,8
7344,8
7345,8
7346,8
7347,3
7348,3
7349,8
7350,8
7351,3
7352,8
7353,3
7354,3
7355,3
7356,3
7357,3
7358,3
7359,8
7360,3
7361,8
7362,8
7363,8
7364,8
7365,3
7366,8
7367,3
7368,3
7369,3
7370,3
7371,8
7372,8
7373,8
7374,3
7375,3
7376,3
7377,8
7378,8
7379,3
7380,8
7381,3
7382,8
7383,3
7384,3
7385,3
7386,8
7387,8
7388,3
7389,8
7390,8
7391,3
7392,8
7393,3
7394,8
7395,8
7396,3
7397,3
7398,3
7399,3
7400,8
7401,3
7402,3
7403,8
7404,8
7405,3
7406,3
7407,3
7408,8
7409,8
7410,3
7411,8
7412,3
7413,8
7414,3
7415,8
7416,8
7417,3
7418,8
7419,8
7420,3
7421,3
7422,8
7423,3
7424,3
7425,3
7426,3
7427,3
7428,3
7429,3
7430,3
7431,8
7432,8
7433,8
7434,8
7435,3
7436,3
7437,3
7438,8
7439,8
7440,3
7441,3
7442,8
7443,8
7444,8
7445,3
7446,8
7447,8
7448,3
7449,3
7450,3
7451,3
7452,8
7453,8
7454,3
7455,8
7456,8
7457,8
7458,8
7459,8
7460,3
7461,3
7462,3
7463,3
7464,3
7465,3
7466,3
7467,3
7468,3
7469,8
7470,8
7471,3
7472,8
7473,3
7474,8
7475,8
7476,8
7477,8
7478,8
7479,3
7480,3
7481,8
7482,8
7483,3
7484,8
7485,8
7486,3
7487,3
7488,8
7489,8
7490,3
7491,3
7492,8
7493,3
7494,8
7495,8
7496,8
7497,8
7498,8
7499,3
7500,8
7501,3
7502,3
7503,3
7504,3
7505,3
7506,8
7507,3
7508,8
7509,8
7510,3
7511,3
7512,8
7513,3
7514,8
7515,8
7516,3
7517,3
7518,8
7519,3
7520,8
7521,8
7522,8
7523,3
7524,8
7525,3
7526,3
7527,3
7528,3
7529,3
7530,3
7531,8
7532,8
7533,3
7534,8
7535,3
7536,3
7537,3
7538,8
7539,3
7540,3
7541,8
7542,8
7543,8
7544,3
7545,8
7546,3
7547,3
7548,3
7549,8
7550,3
7551,3
7552,8
7553,8
7554,3
7555,3
7556,8
7557,3
7558,3
7559,8
7560,3
7561,3
7562,8
7563,8
7564,3
7565,8
7566,3
7567,8
7568,8
7569,3
7570,3
7571,3
7572,8
7573,8
7574,3
7575,3
7576,3
7577,3
7578,8
7579,8
7580,8
7581,3
7582,3
7583,8
7584,3
7585,8
7586,3
7587,3
7588,3
7589,8
7590,8
7591,8
7592,3
7593,3
7594,8
7595,8
7596,8
7597,3
7598,8
7599,3
7600,8
7601,3
7602,8
7603,3
7604,3
7605,3
7606,3
7607,8
7608,8
7609,3
7610,8
7611,3
7612,3
7613,8
7614,3
7615,8
7616,3
7617,8
7618,3
7619,8
7620,8
7621,8
7622,8
7623,3
7624,3
7625,8
7626,3
7627,8
7628,3
7629,3
7630,3
7631,8
7632,8
7633,3
7634,8
7635,8
7636,3
7637,3
7638,3
7639,3
7640,3
7641,3
7642,8
7643,8
7644,3
7645,8
7646,8
7647,3
7648,8
7649,3
7650,3
7651,8
7652,3
7653,3
7654,3
7655,8
7656,3
7657,3
7658,8
7659,3
7660,8
7661,8
7662,8
7663,8
7664,8
7665,8
7666,3
7667,8
7668,3
7669,8
7670,3
7671,8
7672,8
7673,3
7674,8
7675,8
7676,3
7677,3
7678,8
7679,8
7680,3
7681,3
7682,3
7683,8
7684,3
7685,3
7686,8
7687,3
7688,3
7689,8
7690,3
7691,3
7692,3
7693,3
7694,8
7695,3
7696,3
7697,3
7698,3
7699,3
7700,8
7701,3
7702,8
7703,8
7704,3
7705,8
7706,3
7707,8
7708,3
7709,3
7710,8
7711,8
7712,3
7713,3
7714,8
7715,3
7716,8
7717,8
7718,3
7719,8
7720,8
7721,8
7722,8
7723,8
7724,3
7725,8
7726,3
7727,3
7728,8
7729,3
7730,8
7731,8
7732,3
7733,8
7734,3
7735,8
7736,3
7737,3
7738,3
7739,3
7740,8
7741,8
7742,3
7743,3
7744,3
7745,3
7746,3
7747,8
7748,3
7749,8
7750,8
7751,8
7752,8
7753,8
7754,3
7755,8
7756,8
7757,8
7758,3
7759,3
7760,3
7761,3
7762,3
7763,3
7764,8
7765,3
7766,8
7767,3
7768,3
7769,8
7770,3
7771,3
7772,3
7773,3
7774,3
7775,8
7776,8
7777,8
7778,3
7779,3
7780,8
7781,3
7782,8
7783,3
7784,8
7785,3
7786,8
7787,8
7788,8
7789,3
7790,3
7791,3
7792,3
7793,8
7794,3
7795,8
7796,3
7797,3
7798,3
7799,8
7800,3
7801,8
7802,8
7803,8
7804,3
7805,3
7806,3
7807,8
7808,3
7809,3
7810,3
7811,8
7812,3
7813,8
7814,3
7815,3
7816,3
7817,8
7818,3
7819,3
7820,8
7821,3
7822,8
7823,8
7824,8
7825,3
7826,8
7827,8
7828,3
7829,8
7830,8
7831,8
7832,8
7833,3
7834,8
7835,3
7836,8
7837,3
7838,3
7839,8
7840,3
7841,3
7842,8
7843,8
7844,3
7845,3
7846,8
7847,3
7848,8
7849,3
7850,3
7851,3
7852,3
7853,8
7854,3
7855,8
7856,3
7857,3
7858,8
7859,3
7860,8
7861,8
7862,8
7863,8
7864,8
7865,3
7866,8
7867,8
7868,3
7869,8
7870,8
7871,8
7872,3
7873,8
7874,3
7875,3
7876,3
7877,8
7878,8
7879,8
7880,3
7881,8
7882,8
7883,3
7884,3
7885,8
7886,3
7887,8
7888,3
7889,3
7890,8
7891,8
7892,8
7893,8
7894,3
7895,3
7896,3
7897,3
7898,8
7899,3
7900,3
7901,3
7902,3
7903,3
7904,8
7905,8
7906,3
7907,3
7908,8
7909,8
7910,8
7911,8
7912,3
7913,3
7914,8
7915,3
7916,8
7917,8
7918,3
7919,3
7920,3
7921,8
7922,8
7923,3
7924,8
7925,8
7926,8
7927,3
7928,3
7929,3
7930,3
7931,8
7932,3
7933,8
7934,8
7935,3
7936,3
7937,3
7938,8
7939,3
7940,8
7941,3
7942,8
7943,3
7944,8
7945,8
7946,8
7947,8
7948,8
7949,3
7950,3
7951,8
7952,3
7953,8
7954,3
7955,8
7956,8
7957,3
7958,3
7959,8
7960,3
7961,3
7962,8
7963,3
7964,8
7965,3
7966,3
7967,8
7968,3
7969,3
7970,8
7971,8
7972,3
7973,3
7974,3
7975,3
7976,3
7977,3
7978,3
7979,3
7980,8
7981,3
7982,3
7983,3
7984,3
7985,8
7986,8
7987,3
7988,3
7989,3
7990,3
7991,8
7992,3
7993,3
7994,8
7995,3
7996,8
7997,8
7998,8
7999,8
8000,3
8001,8
8002,3
8003,8
8004,8
8005,8
8006,3
8007,3
8008,3
8009,8
8010,8
8011,8
8012,3
8013,8
8014,8
8015,3
8016,8
8017,3
8018,8
8019,8
8020,8
8021,3
8022,3
8023,3
8024,8
8025,8
8026,3
8027,3
8028,3
8029,3
8030,8
8031,3
8032,8
8033,8
8034,8
8035,8
8036,8
8037,8
8038,8
8039,8
8040,3
8041,3
8042,8
8043,8
8044,8
8045,8
8046,3
8047,3
8048,3
8049,8
8050,8
8051,3
8052,8
8053,8
8054,8
8055,3
8056,8
8057,3
8058,8
8059,3
8060,8
8061,8
8062,3
8063,3
8064,8
8065,8
8066,8
8067,8
8068,8
8069,8
8070,8
8071,3
8072,8
8073,8
8074,8
8075,3
8076,8
8077,8
8078,3
8079,3
8080,8
8081,3
8082,3
8083,3
8084,8
8085,3
8086,3
8087,3
8088,8
8089,3
8090,3
8091,8
8092,8
8093,3
8094,8
8095,8
8096,3
8097,8
8098,8
8099,3
8100,8
8101,8
8102,3
8103,3
8104,3
8105,8
8106,8
8107,8
8108,8
8109,8
8110,8
8111,8
8112,8
8113,8
8114,3
8115,8
8116,8
8117,8
8118,3
8119,8
8120,3
8121,3
8122,8
8123,3
8124,3
8125,8
8126,3
8127,8
8128,8
8129,8
8130,8
8131,3
8132,8
8133,8
8134,8
8135,3
8136,3
8137,3
8138,8
8139,8
8140,3
8141,8
8142,3
8143,8
8144,3
8145,3
8146,3
8147,3
8148,8
8149,3
8150,8
8151,8
8152,8
8153,3
8154,3
8155,3
8156,3
8157,8
8158,3
8159,8
8160,3
8161,8
8162,8
8163,3
8164,8
8165,8
8166,3
8167,3
8168,3
8169,3
8170,8
8171,8
8172,8
8173,8
8174,3
8175,8
8176,8
8177,8
8178,3
8179,8
8180,8
8181,8
8182,3
8183,3
8184,3
8185,8
8186,3
8187,3
8188,8
8189,8
8190,8
8191,3
8192,3
8193,8
8194,3
8195,3
8196,3
8197,3
8198,3
8199,8
8200,8
8201,8
8202,8
8203,3
8204,8
8205,8
8206,3
8207,3
8208,3
8209,8
8210,3
8211,8
8212,8
8213,3
8214,3
8215,8
8216,3
8217,3
8218,3
8219,3
8220,8
8221,8
8222,3
8223,3
8224,8
8225,8
8226,3
8227,8
8228,8
8229,8
8230,3
8231,8
8232,3
8233,3
8234,3
8235,8
8236,3
8237,3
8238,3
8239,3
8240,3
8241,8
8242,3
8243,3
8244,3
8245,3
8246,8
8247,8
8248,8
8249,8
8250,3
8251,3
8252,8
8253,3
8254,8
8255,8
8256,3
8257,8
8258,8
8259,3
8260,8
8261,8
8262,8
8263,8
8264,3
8265,3
8266,8
8267,8
8268,3
8269,3
8270,3
8271,8
8272,8
8273,3
8274,3
8275,8
8276,3
8277,3
8278,8
8279,3
8280,8
8281,3
8282,3
8283,3
8284,3
8285,8
8286,3
8287,8
8288,8
8289,3
8290,3
8291,8
8292,3
8293,3
8294,8
8295,8
8296,3
8297,8
8298,8
8299,3
8300,3
8301,3
8302,8
8303,3
8304,3
8305,3
8306,3
8307,3
8308,3
8309,3
8310,3
8311,3
8312,8
8313,8
8314,3
8315,3
8316,8
8317,8
8318,3
8319,8
8320,8
8321,8
8322,8
8323,3
8324,8
8325,8
8326,3
8327,8
8328,8
8329,3
8330,3
8331,8
8332,3
8333,8
8334,3
8335,8
8336,8
8337,3
8338,8
8339,3
8340,8
8341,8
8342,8
8343,8
8344,3
8345,8
8346,3
8347,3
8348,8
8349,3
8350,3
8351,3
8352,8
8353,8
8354,3
8355,3
8356,8
8357,8
8358,8
8359,3
8360,3
8361,3
8362,8
8363,3
8364,8
8365,3
8366,8
8367,8
8368,3
8369,3
8370,8
8371,8
8372,3
8373,3
8374,3
8375,3
8376,3
8377,3
8378,8
8379,3
8380,8
8381,8
8382,3
8383,8
8384,3
8385,3
8386,3
8387,3
8388,8
8389,8
8390,8
8391,3
8392,8
8393,8
8394,3
8395,8
8396,3
8397,8
8398,3
8399,8
8400,8
8401,3
8402,8
8403,8
8404,8
8405,3
8406,8
8407,3
8408,8
8409,3
8410,8
8411,8
8412,3
8413,3
8414,8
8415,3
8416,8
8417,8
8418,3
8419,3
8420,3
8421,8
8422,3
8423,3
8424,3
8425,8
8426,8
8427,3
8428,3
8429,8
8430,3
8431,3
8432,3
8433,8
8434,3
8435,3
8436,3
8437,3
8438,8
8439,3
8440,3
8441,8
8442,8
8443,8
8444,8
8445,8
8446,8
8447,3
8448,8
8449,8
8450,3
8451,3
8452,8
8453,8
8454,8
8455,3
8456,3
8457,8
8458,8
8459,3
8460,3
8461,3
8462,3
8463,8
8464,3
8465,3
8466,8
8467,8
8468,8
8469,3
8470,8
8471,8
8472,3
8473,8
8474,8
8475,8
8476,3
8477,8
8478,3
8479,8
8480,3
8481,8
8482,8
8483,3
8484,3
8485,8
8486,8
8487,8
8488,8
8489,3
8490,3
8491,8
8492,3
8493,3
8494,3
8495,8
8496,8
8497,3
8498,3
8499,8
8500,3
8501,8
8502,8
8503,8
8504,8
8505,3
8506,3
8507,3
8508,8
8509,8
8510,3
8511,8
8512,8
8513,8
8514,3
8515,3
8516,8
8517,3
8518,8
8519,3
8520,8
8521,8
8522,8
8523,3
8524,8
8525,8
8526,8
8527,8
8528,3
8529,8
8530,3
8531,3
8532,3
8533,3
8534,3
8535,3
8536,8
8537,3
8538,3
8539,8
8540,8
8541,3
8542,3
8543,3
8544,8
8545,8
8546,3
8547,3
8548,8
8549,8
8550,8
8551,8
8552,8
8553,3
8554,3
8555,8
8556,3
8557,8
8558,8
8559,8
8560,8
8561,3
8562,3
8563,8
8564,8
8565,3
8566,3
8567,3
8568,8
8569,8
8570,3
8571,8
8572,3
8573,3
8574,8
8575,8
8576,8
8577,3
8578,8
8579,3
8580,8
8581,8
8582,3
8583,8
8584,8
8585,3
8586,3
8587,8
8588,3
8589,3
8590,3
8591,8
8592,8
8593,8
8594,8
8595,3
8596,3
8597,8
8598,3
8599,3
8600,8
8601,3
8602,3
8603,3
8604,8
8605,8
8606,8
8607,3
8608,3
8609,3
8610,8
8611,8
8612,3
8613,8
8614,3
8615,8
8616,8
8617,3
8618,3
8619,8
8620,3
8621,3
8622,3
8623,3
8624,3
8625,3
8626,3
8627,8
8628,3
8629,8
8630,3
8631,3
8632,3
8633,8
8634,3
8635,3
8636,3
8637,3
8638,3
8639,3
8640,3
8641,8
8642,3
8643,8
8644,8
8645,8
8646,3
8647,8
8648,8
8649,8
8650,8
8651,3
8652,3
8653,3
8654,3
8655,3
8656,3
8657,8
8658,8
8659,8
8660,3
8661,8
8662,3
8663,8
8664,8
8665,3
8666,3
8667,3
8668,8
8669,3
8670,3
8671,8
8672,8
8673,3
8674,3
8675,3
8676,8
8677,8
8678,3
8679,3
8680,8
8681,8
8682,3
8683,8
8684,3
8685,3
8686,8
8687,3
8688,8
8689,3
8690,8
8691,8
8692,3
8693,8
8694,8
8695,8
8696,3
8697,3
8698,8
8699,3
8700,8
8701,3
8702,8
8703,3
8704,3
8705,3
8706,8
8707,8
8708,8
8709,3
8710,8
8711,8
8712,3
8713,3
8714,3
8715,3
8716,3
8717,3
8718,8
8719,8
8720,3
8721,8
8722,3
8723,3
8724,8
8725,8
8726,8
8727,8
8728,3
8729,8
8730,8
8731,8
8732,3
8733,8
8734,8
8735,3
8736,8
8737,3
8738,8
8739,8
8740,3
8741,8
8742,8
8743,8
8744,8
8745,8
8746,8
8747,8
8748,3
8749,8
8750,3
8751,8
8752,8
8753,8
8754,8
8755,3
8756,3
8757,8
8758,8
8759,8
8760,3
8761,8
8762,3
8763,3
8764,8
8765,3
8766,8
8767,3
8768,3
8769,3
8770,3
8771,8
8772,3
8773,8
8774,8
8775,8
8776,3
8777,3
8778,8
8779,8
8780,3
8781,8
8782,8
8783,8
8784,8
8785,8
8786,3
8787,3
8788,8
8789,8
8790,3
8791,3
8792,3
8793,3
8794,3
8795,3
8796,8
8797,8
8798,3
8799,8
8800,3
8801,3
8802,3
8803,8
8804,8
8805,3
8806,8
8807,3
8808,8
8809,3
8810,8
8811,8
8812,8
8813,3
8814,3
8815,8
8816,8
8817,3
8818,3
8819,8
8820,8
8821,8
8822,8
8823,3
8824,8
8825,3
8826,8
8827,3
8828,3
8829,8
8830,8
8831,3
8832,3
8833,3
8834,8
8835,3
8836,3
8837,3
8838,3
8839,8
8840,8
8841,3
8842,8
8843,3
8844,3
8845,8
8846,8
8847,8
8848,3
8849,8
8850,3
8851,8
8852,8
8853,8
8854,8
8855,3
8856,8
8857,8
8858,8
8859,3
8860,3
8861,3
8862,3
8863,8
8864,8
8865,8
8866,8
8867,8
8868,8
8869,8
8870,3
8871,3
8872,3
8873,8
8874,8
8875,3
8876,3
8877,8
8878,8
8879,8
8880,3
8881,3
8882,3
8883,3
8884,3
8885,8
8886,3
8887,8
8888,3
8889,3
8890,8
8891,8
8892,8
8893,3
8894,3
8895,8
8896,3
8897,3
8898,8
8899,3
8900,3
8901,8
8902,3
8903,3
8904,8
8905,8
8906,3
8907,8
8908,3
8909,8
8910,8
8911,8
8912,3
8913,3
8914,3
8915,3
8916,8
8917,3
8918,8
8919,3
8920,3
8921,3
8922,8
8923,8
8924,8
8925,8
8926,3
8927,3
8928,8
8929,3
8930,8
8931,3
8932,3
8933,8
8934,8
8935,3
8936,8
8937,8
8938,8
8939,8
8940,3
8941,3
8942,3
8943,8
8944,3
8945,3
8946,8
8947,8
8948,3
8949,3
8950,8
8951,8
8952,8
8953,3
8954,3
8955,3
8956,8
8957,8
8958,3
8959,8
8960,8
8961,3
8962,8
8963,8
8964,3
8965,3
8966,3
8967,8
8968,3
8969,3
8970,8
8971,8
8972,3
8973,3
8974,3
8975,3
8976,8
8977,3
8978,8
8979,3
8980,8
8981,3
8982,8
8983,3
8984,8
8985,3
8986,8
8987,3
8988,8
8989,3
8990,3
8991,3
8992,8
8993,8
8994,8
8995,3
8996,8
8997,8
8998,3
8999,8
9000,8
9001,3
9002,3
9003,8
9004,3
9005,8
9006,3
9007,3
9008,8
9009,3
9010,8
9011,8
9012,8
9013,8
9014,8
9015,3
9016,3
9017,3
9018,3
9019,8
9020,8
9021,3
9022,8
9023,3
9024,8
9025,3
9026,8
9027,3
9028,3
9029,3
9030,8
9031,8
9032,8
9033,3
9034,3
9035,8
9036,8
9037,3
9038,8
9039,3
9040,3
9041,3
9042,3
9043,8
9044,8
9045,8
9046,3
9047,3
9048,8
9049,8
9050,3
9051,8
9052,3
9053,3
9054,8
9055,8
9056,3
9057,8
9058,3
9059,3
9060,3
9061,8
9062,8
9063,3
9064,8
9065,3
9066,8
9067,8
9068,3
9069,8
9070,8
9071,3
9072,3
9073,8
9074,8
9075,8
9076,8
9077,3
9078,8
9079,3
9080,3
9081,8
9082,3
9083,3
9084,3
9085,3
9086,3
9087,3
9088,3
9089,8
9090,8
9091,3
9092,3
9093,3
9094,8
9095,8
9096,8
9097,8
9098,8
9099,3
9100,8
9101,3
9102,8
9103,3
9104,8
9105,3
9106,3
9107,3
9108,3
9109,8
9110,3
9111,8
9112,3
9113,8
9114,3
9115,3
9116,8
9117,3
9118,8
9119,3
9120,8
9121,3
9122,3
9123,3
9124,3
9125,8
9126,8
9127,3
9128,3
9129,8
9130,8
9131,3
9132,8
9133,3
9134,8
9135,8
9136,8
9137,3
9138,3
9139,3
9140,3
9141,8
9142,8
9143,3
9144,3
9145,3
9146,8
9147,3
9148,8
9149,3
9150,8
9151,8
9152,8
9153,8
9154,8
9155,3
9156,8
9157,3
9158,8
9159,8
9160,3
9161,3
9162,8
9163,8
9164,3
9165,3
9166,3
9167,3
9168,3
9169,8
9170,8
9171,8
9172,3
9173,3
9174,3
9175,3
9176,8
9177,3
9178,8
9179,3
9180,8
9181,8
9182,8
9183,8
9184,8
9185,3
9186,3
9187,8
9188,8
9189,8
9190,8
9191,3
9192,3
9193,3
9194,3
9195,8
9196,3
9197,8
9198,3
9199,8
9200,3
9201,3
9202,8
9203,3
9204,3
9205,3
9206,3
9207,3
9208,8
9209,3
9210,3
9211,3
9212,3
9213,8
9214,8
9215,3
9216,8
9217,3
9218,3
9219,3
9220,3
9221,3
9222,3
9223,8
9224,8
9225,8
9226,8
9227,3
9228,3
9229,3
9230,3
9231,8
9232,3
9233,3
9234,3
9235,8
9236,3
9237,8
9238,3
9239,3
9240,8
9241,8
9242,3
9243,8
9244,8
9245,3
9246,3
9247,3
9248,3
9249,3
9250,3
9251,3
9252,8
9253,3
9254,8
9255,8
9256,8
9257,8
9258,3
9259,3
9260,3
9261,8
9262,8
9263,3
9264,3
9265,3
9266,3
9267,8
9268,8
9269,8
9270,8
9271,3
9272,8
9273,8
9274,3
9275,8
9276,3
9277,3
9278,3
9279,8
9280,3
9281,8
9282,3
9283,3
9284,3
9285,8
9286,3
9287,3
9288,8
9289,8
9290,8
9291,3
9292,8
9293,8
9294,8
9295,3
9296,8
9297,3
9298,3
9299,3
9300,3
9301,8
9302,8
9303,3
9304,3
9305,3
9306,3
9307,8
9308,8
9309,8
9310,8
9311,3
9312,8
9313,8
9314,8
9315,8
9316,8
9317,8
9318,8
9319,8
9320,8
9321,8
9322,8
9323,8
9324,3
9325,3
9326,3
9327,8
9328,8
9329,3
9330,3
9331,3
9332,3
9333,8
9334,3
9335,3
9336,8
9337,3
9338,3
9339,8
9340,8
9341,3
9342,3
9343,8
9344,3
9345,8
9346,3
9347,3
9348,8
9349,3
9350,3
9351,3
9352,3
9353,8
9354,3
9355,8
9356,8
9357,3
9358,8
9359,3
9360,3
9361,3
9362,8
9363,3
9364,8
9365,3
9366,8
9367,3
9368,8
9369,8
9370,8
9371,3
9372,8
9373,8
9374,3
9375,3
9376,8
9377,3
9378,3
9379,3
9380,3
9381,3
9382,8
9383,8
9384,8
9385,8
9386,8
9387,3
9388,8
9389,3
9390,3
9391,8
9392,3
9393,8
9394,8
9395,8
9396,3
9397,8
9398,3
9399,3
9400,8
9401,8
9402,3
9403,3
9404,8
9405,8
9406,8
9407,8
9408,8
9409,3
9410,3
9411,3
9412,3
9413,3
9414,3
9415,3
9416,3
9417,8
9418,8
9419,8
9420,3
9421,3
9422,8
9423,3
9424,3
9425,3
9426,8
9427,3
9428,8
9429,3
9430,3
9431,3
9432,3
9433,8
9434,3
9435,3
9436,8
9437,3
9438,8
9439,3
9440,3
9441,8
9442,3
9443,3
9444,8
9445,3
9446,8
9447,3
9448,3
9449,3
9450,3
9451,8
9452,3
9453,3
9454,3
9455,3
9456,3
9457,3
9458,3
9459,8
9460,3
9461,3
9462,3
9463,3
9464,8
9465,8
9466,3
9467,3
9468,3
9469,3
9470,3
9471,8
9472,8
9473,8
9474,3
9475,3
9476,8
9477,8
9478,3
9479,8
9480,3
9481,3
9482,3
9483,8
9484,8
9485,8
9486,3
9487,8
9488,3
9489,8
9490,3
9491,3
9492,3
9493,8
9494,3
9495,3
9496,8
9497,8
9498,8
9499,8
9500,3
9501,8
9502,3
9503,3
9504,3
9505,3
9506,8
9507,8
9508,8
9509,3
9510,3
9511,8
9512,8
9513,3
9514,8
9515,8
9516,8
9517,3
9518,3
9519,8
9520,3
9521,8
9522,8
9523,8
9524,3
9525,8
9526,8
9527,3
9528,3
9529,3
9530,8
9531,3
9532,3
9533,8
9534,8
9535,8
9536,8
9537,3
9538,8
9539,8
9540,8
9541,8
9542,8
9543,8
9544,8
9545,8
9546,8
9547,3
9548,3
9549,3
9550,8
9551,3
9552,8
9553,8
9554,8
9555,3
9556,8
9557,8
9558,3
9559,3
9560,8
9561,3
9562,3
9563,8
9564,3
9565,3
9566,3
9567,3
9568,3
9569,3
9570,3
9571,8
9572,8
9573,8
9574,8
9575,3
9576,8
9577,8
9578,3
9579,3
9580,3
9581,3
9582,3
9583,8
9584,3
9585,3
9586,3
9587,8
9588,8
9589,3
9590,8
9591,8
9592,3
9593,8
9594,8
9595,3
9596,8
9597,3
9598,8
9599,8
9600,8
9601,8
9602,8
9603,3
9604,8
9605,8
9606,3
9607,8
9608,3
9609,8
9610,3
9611,8
9612,3
9613,8
9614,8
9615,3
9616,8
9617,8
9618,3
9619,3
9620,3
9621,3
9622,8
9623,3
9624,8
9625,3
9626,3
9627,3
9628,8
9629,8
9630,8
9631,3
9632,8
9633,3
9634,8
9635,3
9636,8
9637,8
9638,3
9639,8
9640,8
9641,8
9642,3
9643,8
9644,8
9645,8
9646,8
9647,8
9648,8
9649,3
9650,8
9651,3
9652,8
9653,8
9654,3
9655,3
9656,3
9657,8
9658,3
9659,3
9660,3
9661,3
9662,8
9663,8
9664,8
9665,3
9666,3
9667,3
9668,3
9669,3
9670,8
9671,8
9672,8
9673,3
9674,3
9675,3
9676,3
9677,8
9678,3
9679,8
9680,8
9681,8
9682,8
9683,3
9684,3
9685,8
9686,8
9687,8
9688,8
9689,3
9690,8
9691,3
9692,8
9693,3
9694,8
9695,8
9696,3
9697,8
9698,3
9699,8
9700,8
9701,3
9702,3
9703,3
9704,3
9705,3
9706,3
9707,3
9708,8
9709,3
9710,8
9711,8
9712,8
9713,8
9714,8
9715,3
9716,3
9717,3
9718,3
9719,8
9720,3
9721,3
9722,3
9723,3
9724,3
9725,8
9726,3
9727,8
9728,8
9729,3
9730,3
9731,3
9732,3
9733,3
9734,3
9735,3
9736,8
9737,3
9738,8
9739,3
9740,3
9741,8
9742,3
9743,3
9744,3
9745,3
9746,8
9747,3
9748,3
9749,8
9750,3
9751,3
9752,3
9753,3
9754,8
9755,8
9756,8
9757,3
9758,3
9759,3
9760,3
9761,8
9762,8
9763,8
9764,3
9765,8
9766,8
9767,8
9768,8
9769,3
9770,8
9771,3
9772,3
9773,3
9774,3
9775,3
9776,8
9777,3
9778,3
9779,3
9780,8
9781,8
9782,3
9783,8
9784,3
9785,8
9786,8
9787,8
9788,8
9789,8
9790,8
9791,3
9792,3
9793,3
9794,8
9795,8
9796,8
9797,8
9798,3
9799,8
9800,3
9801,3
9802,8
9803,3
9804,3
9805,3
9806,3
9807,3
9808,8
9809,3
9810,3
9811,3
9812,8
9813,3
9814,3
9815,8
9816,8
9817,3
9818,3
9819,8
9820,3
9821,8
9822,3
9823,3
9824,3
9825,3
9826,3
9827,8
9828,3
9829,3
9830,8
9831,3
9832,8
9833,8
9834,8
9835,3
9836,3
9837,8
9838,3
9839,3
9840,8
9841,8
9842,8
9843,3
9844,3
9845,8
9846,8
9847,8
9848,3
9849,3
9850,3
9851,3
9852,3
9853,3
9854,3
9855,8
9856,8
9857,3
9858,3
9859,3
9860,8
9861,3
9862,8
9863,3
9864,8
9865,3
9866,8
9867,3
9868,3
9869,8
9870,3
9871,8
9872,3
9873,3
9874,8
9875,3
9876,8
9877,8
9878,3
9879,3
9880,3
9881,3
9882,3
9883,3
9884,8
9885,8
9886,3
9887,3
9888,3
9889,3
9890,3
9891,8
9892,3
9893,8
9894,3
9895,8
9896,3
9897,8
9898,3
9899,3
9900,8
9901,8
9902,8
9903,3
9904,8
9905,8
9906,8
9907,3
9908,3
9909,3
9910,3
9911,8
9912,8
9913,3
9914,8
9915,3
9916,3
9917,3
9918,3
9919,8
9920,8
9921,8
9922,3
9923,8
9924,8
9925,8
9926,3
9927,3
9928,8
9929,3
9930,8
9931,8
9932,3
9933,3
9934,8
9935,3
9936,8
9937,8
9938,3
9939,8
9940,3
9941,8
9942,3
9943,3
9944,3
9945,8
9946,3
9947,3
9948,3
9949,3
9950,8
9951,8
9952,3
9953,3
9954,8
9955,8
9956,3
9957,8
9958,3
9959,8
9960,3
9961,3
9962,8
9963,3
9964,3
9965,8
9966,3
9967,3
9968,3
9969,3
9970,3
9971,8
9972,8
9973,3
9974,3
9975,8
9976,3
9977,3
9978,8
9979,3
9980,8
9981,3
9982,3
9983,3
9984,8
9985,3
9986,8
9987,3
9988,8
9989,3
9990,3
9991,3
9992,8
9993,8
9994,8
9995,8
9996,3
9997,8
9998,3
9999,3
